,A,B,C,D
2000-01-01,1.5625319662182287,0.3730804765062383,1.7792508247238221,-1.5558976967419875
2000-01-02,0.4007773225909821,1.7727256323245388,2.686010159488207,-1.5621316080794008
2000-01-03,-1.1822516800077993,2.85825063536457,1.9575338533362316,-0.3642877067383554
2000-01-04,-1.252952552299005,3.106896508509562,1.425618475497842,-0.21634463953352176
2000-01-05,-0.8551920583897605,4.582395480576261,0.19014663851976366,-1.0028522324048212
2000-01-06,-0.5337092465583498,5.046918428561857,0.6206260287524724,-2.6969876497006897
2000-01-07,-0.2683171653861309,6.061700941689673,-0.06349141016738458,-2.8289849135081617
2000-01-08,0.26118924212211664,7.306163984748869,-0.06260593164918765,-2.462205880329814
2000-01-09,-0.21807384329349938,6.942265013663639,-0.3191725541697988,-3.3951588918123106
2000-01-10,1.8111225468939605,6.301212197439732,1.9321479213143558,-2.353077398000238
2000-01-11,0.3966909144625772,7.451593458756353,2.315732042139351,-2.390228301670801
2000-01-12,-0.3209070121181231,8.143724792610797,2.6055861039235393,-3.378166592255151
2000-01-13,1.1829287415466547,7.534915613463415,1.6075670981657888,-2.898600696074418
2000-01-14,1.516803126998048,6.6653307065068566,2.8981408975755105,-2.5146237070247324
2000-01-15,3.3757895533389153,6.876217292522166,5.198224490318118,0.06412884756722992
2000-01-16,4.236162048182653,5.383916077035664,4.343546996290243,1.3392634229842604
2000-01-17,4.804675665894733,5.654451830069507,2.9490107687188396,1.9934066246754687
2000-01-18,5.409713087657568,6.534074566313404,4.983461920810662,0.5743849696019643
2000-01-19,6.561476372325281,7.024961838393704,2.4627824330408346,1.1343962426663337
2000-01-20,5.920657250901715,6.8877738637786186,1.6060018783370031,0.19476818162095932
2000-01-21,7.191863812897991,7.735721093214305,1.7703631111158584,1.2240715886197981
2000-01-22,7.062630177974218,5.618440275493711,1.4768521488770725,1.0203079015159107
2000-01-23,8.708956126831216,4.331077187223563,2.464575608538698,0.4893172735385083
2000-01-24,7.133211927891981,4.260527375715266,0.8349661097494232,-0.5926068962080919
2000-01-25,8.173145437628907,3.7424451461271553,1.222035905012838,-0.30072600535018623
2000-01-26,6.761809246447552,5.222539587077057,1.674793458297477,0.07109532019849274
2000-01-27,7.858882599814541,5.5476476421798395,1.2938092479690537,0.2252558707597374
2000-01-28,6.96941353688312,5.506634036520025,1.2713128217601062,0.0667174679989157
2000-01-29,4.932122683213514,5.984499468220962,-0.13264659250884736,1.6059188727749947
2000-01-30,4.279025164952539,6.199323352613047,0.7126215511690079,2.306140169044518
2000-01-31,5.692000850038749,7.356985357920605,2.0912806993044857,1.784050359617285
2000-02-01,4.951567305621243,8.438050043552632,2.4253251080548104,2.5893469651893812
2000-02-02,4.439768621025528,8.570212660124415,2.462680426573168,3.6010893912929176
2000-02-03,4.58373074656194,7.76311049962972,2.5592390836450107,3.8810362279321113
2000-02-04,4.509351329086952,8.375363933087899,3.7692887814914204,3.269632180099456
2000-02-05,4.711823398347488,8.414108438313006,4.614284774885012,3.2498149484569643
2000-02-06,3.19810187916074,9.173557127290152,4.339945934878015,2.8344313846567646
2000-02-07,4.466285908712268,10.20895773676017,4.002507974846708,1.2532749539405394
2000-02-08,4.917678979393047,9.112114299895296,2.920829122090404,1.3898381931911894
2000-02-09,5.098341385972677,11.350841074750704,5.062810125914517,3.383354832596819
2000-02-10,5.672988107616287,12.174884580197158,3.328731103810952,4.9503829990574975
2000-02-11,5.311336130624925,10.999412832204754,1.2178394079591222,4.2358652603019475
2000-02-12,5.52645505282043,12.0354327646201,3.1959608564250033,3.819761688619346
2000-02-13,4.300170379010054,12.43960734915595,4.643085394956687,3.510330596795404
2000-02-14,6.332054437975996,14.635693712902784,3.6397005020100917,3.247085311302188
2000-02-15,5.176613178173912,14.333007084307342,2.883204128858665,3.9983840109020967
2000-02-16,3.673261009337481,14.743608553304771,2.557184338590596,4.94283513763067
2000-02-17,3.883415220454952,13.314178648637748,4.68620869275881,6.030411827864659
2000-02-18,5.431603457762858,14.837085356239275,3.595781685309545,5.554142581884178
2000-02-19,7.423653886223981,14.178663792094703,3.350790163834095,3.0299267720378564
2000-02-20,7.56426665369581,17.351611436536103,3.798708262445916,3.9525837786297178
2000-02-21,6.513532982168901,16.752417543218932,4.1464233517644855,5.780992547175064
2000-02-22,4.576273135060962,16.41883435394637,4.942485335235074,7.765576688742605
2000-02-23,5.831919482447228,17.337059455429404,4.397811064216604,8.967095655179605
2000-02-24,5.9385545471463885,16.85285169234021,3.8986394923596195,7.793670992682747
2000-02-25,6.026393787340162,18.937994409254326,4.019147267230682,9.015051285783215
2000-02-26,6.839792291714038,18.724528324540522,4.810139222274815,9.562701632787302
2000-02-27,5.54323658731677,18.86331166472333,5.033821430597234,8.546380285332214
2000-02-28,5.7928247545008515,20.085874883905536,5.520260788999697,8.059365871752103
2000-02-29,5.1965502904114995,20.5371498316456,6.111893563992423,8.328593015876498
2000-03-01,5.510108149570473,21.070703339354335,6.654962457529613,8.408335168035464
2000-03-02,5.671891016778257,19.28347947828054,6.218054172608253,9.382989581005198
2000-03-03,6.383655470749915,19.241597144462443,4.662788826108783,9.76791135914736
2000-03-04,6.71348864722652,18.685389467510365,4.24638820159749,9.767955934913875
2000-03-05,5.6295886210688035,18.439474685434313,3.665417429500199,10.586930931263192
2000-03-06,6.848216568533048,17.468410958311065,3.600729825731275,10.942348719692827
2000-03-07,6.82491994735348,16.745084455666298,2.975379688587921,11.768727664352642
2000-03-08,7.219549349911066,17.315042890986295,3.6409959672363073,11.168769165481693
2000-03-09,8.407981313222036,16.279606973922533,3.9925984775318057,11.79868975713087
2000-03-10,7.275873302218756,16.280576373932156,4.219549295505389,11.385413588574083
2000-03-11,9.276283545105569,15.237488850306285,3.830604048031048,9.62498364134701
2000-03-12,9.655331953389144,16.41402376425124,4.490293985701264,8.72758293651428
2000-03-13,9.69105010626727,16.279767696058347,3.3747673185859286,9.917223591991108
2000-03-14,8.908019376832852,16.839033550451003,4.103078525024449,10.004972449140832
2000-03-15,9.1731826882724,17.481735574169296,4.28799725338045,8.908270129083478
2000-03-16,7.52033125668545,18.254540132562056,5.83391854353224,8.750733638286352
2000-03-17,6.741958969501049,17.981053680941134,5.756362283983712,9.810523971666944
2000-03-18,5.445541347884095,19.526815542639365,6.6014751751819905,10.878041639985376
2000-03-19,6.585274039950166,17.10843384110308,7.815848454460017,9.871736259739313
2000-03-20,4.193655053844906,16.720218021437837,6.71281200122733,8.61268901948192
2000-03-21,5.098498597669346,16.667957595361944,7.714824755216817,6.639168560853216
2000-03-22,5.38756421334687,17.14128973436151,7.839034778929534,8.08740139714133
2000-03-23,4.771696429652416,18.14291183319181,7.755284893393444,6.966765872281724
2000-03-24,5.8008302443623165,18.833442996100885,8.781653491491769,7.9063683316156625
2000-03-25,6.6247292355399585,17.267002648996115,9.010854779895592,8.378640024741092
2000-03-26,6.504966970410368,18.447729621965795,8.518255183962843,8.651608627562313
2000-03-27,6.752414780848536,21.19431752245554,8.632947292634647,10.778522756172235
2000-03-28,7.058111804726584,21.061243676075726,7.021649010330337,9.420727073129884
2000-03-29,7.170849096389116,20.92898770909207,7.0748063574509,11.503620498249022
2000-03-30,7.953773100255048,20.377851381461113,6.9589450075012165,8.11729079624207
2000-03-31,8.089018711014791,21.88650217141587,7.8286323121976995,10.277637121961638
2000-04-01,7.17886618038674,20.38779446564591,6.569239818367136,8.608548444211312
2000-04-02,7.412316282181314,18.75796161618704,6.763370131360641,7.850917508966584
2000-04-03,7.094161502040166,19.93057808963278,5.906657159603157,6.938308152340898
2000-04-04,7.5967849815191375,19.42548164657729,4.370664933453023,8.408630008536692
2000-04-05,7.707742191885194,18.90498058133933,3.276367554230913,5.8807347075891
2000-04-06,8.528898823613694,18.723044609523896,4.2242092820015085,5.721325115193174
2000-04-07,8.458215825093642,19.574260735320415,4.6869935692321,4.6938473345407985
2000-04-08,7.581516306117727,20.02127649697096,4.415025243046882,3.7559549783654123
2000-04-09,7.092990866238661,18.740579159114027,3.66808425004614,2.8297506248072257
2000-04-10,7.465543454642536,18.746316854000405,3.588103872580387,4.012844184784745
2000-04-11,6.563014711742435,18.596046194465814,2.8489005299898404,4.794606761354779
2000-04-12,7.028149047868413,19.225545563577796,4.190308949232514,5.542468208396894
2000-04-13,6.162909430001999,20.734568552712616,3.5675351620434768,6.498600336293953
2000-04-14,6.566023685243569,21.308837764461135,3.8539454340347556,7.668306494527167
2000-04-15,5.7704267563134515,20.98634637047426,5.179680931359329,7.528425033823073
2000-04-16,8.00569930125324,19.741903143762098,2.9010759297345223,7.8420526218430355
2000-04-17,8.096455680793314,20.645443855401556,2.994645748268852,8.830008043032521
2000-04-18,9.36402007372569,19.560818171354104,4.568418349280909,8.809124205603908
2000-04-19,9.348088643867072,19.607326038752383,5.117693980397943,9.140708271181754
2000-04-20,9.469255302499576,19.811148427678674,5.758426042981527,10.067988615022587
2000-04-21,10.24975640648487,18.844814678368557,6.7591772166209125,9.81296436439367
2000-04-22,11.071712505144363,21.361654603664633,7.969962766882961,9.126437607404554
2000-04-23,12.845188435021933,20.243249069150835,9.120165158370261,9.224686018605881
2000-04-24,13.100647903504541,19.443210073819728,9.511495774924237,7.395594729694385
2000-04-25,12.632499351407104,21.15904044585513,9.31997156158413,7.505967497972578
2000-04-26,12.637729439033858,21.68837825606853,8.214039679575437,7.283483327900409
2000-04-27,13.874977394064972,24.486323656110002,7.432265681080415,7.654514815312518
2000-04-28,15.173995272106113,25.199522522480432,6.498907256132884,8.167020252550518
2000-04-29,15.3283055235248,25.69107612045146,7.255675669807422,7.382106034563677
2000-04-30,16.085568642247118,26.7049236022274,6.4426926458720475,6.815525339209852
2000-05-01,16.269589601739238,26.844841104803205,7.115907874235359,6.360197855218747
2000-05-02,17.156906241697676,26.404410588960328,7.569769098441231,6.327757304997041
2000-05-03,16.476819626011487,28.467104128111753,8.106225050272634,6.310267971743766
2000-05-04,16.855963681525154,28.26069635971109,9.274438402896699,5.755185522308038
2000-05-05,16.73818279092706,27.915808677823016,7.997920182648052,5.557447724338377
2000-05-06,18.678587337147228,27.941353020170144,9.231157941530448,6.3279506565425025
2000-05-07,19.045546629192057,30.278925373390535,9.175309754741093,6.0439918497552485
2000-05-08,20.423522701031377,30.34638347196945,10.186026112358572,4.206520648682415
2000-05-09,19.785223317744396,31.114813775541823,11.058733822956043,4.938009376348075
2000-05-10,20.722210484605977,30.482201581484556,11.090189649598097,6.4231559376512966
2000-05-11,20.463057106137313,30.436143679181587,11.295861888771586,5.8556416163550775
2000-05-12,20.094631574792096,30.26174668664224,10.630456576039577,6.376526740841431
2000-05-13,21.512641874529773,29.684483950302138,10.620982722524598,5.021556917390785
2000-05-14,21.516494381428036,30.254021842282867,10.589017086098092,6.034581912327526
2000-05-15,22.453417694598823,29.64158131862553,10.240782901560358,5.401878870981264
2000-05-16,22.081958313273358,30.756711120653634,8.985512227162861,3.542187853808869
2000-05-17,20.964515936542696,30.716855159470875,7.509314988045308,2.587665561736313
2000-05-18,18.484012656977153,32.311145444707314,8.094158888883154,1.5782132427048432
2000-05-19,18.839288209409776,33.36399783051798,8.895625171622564,0.07050727572264193
2000-05-20,19.616977896157724,34.474021128861345,7.610844004334678,-0.7159940861877889
2000-05-21,17.784970028368416,34.33442653121088,7.884006513272789,0.7800116553995617
2000-05-22,18.778174108830104,35.357556391322575,8.27523199637255,1.1224683476721884
2000-05-23,19.9274021671797,33.20080534237166,8.528902484557333,1.0373242535713103
2000-05-24,19.54357184041477,32.769152175744225,9.956823272559376,1.5805709891951167
2000-05-25,19.977794531657487,33.331504513867785,9.618475447329832,2.7975030821781903
2000-05-26,20.503440731038467,34.341425333698616,9.352567954956738,3.241413499498724
2000-05-27,21.96050893038988,35.55791723018559,9.093630987269348,3.8591088961594835
2000-05-28,21.68422548605717,37.35690662913688,8.072973136338792,1.690241611420917
2000-05-29,20.507653921368668,38.86780558259066,7.53052162621774,2.518531006825846
2000-05-30,20.95660418530946,39.2269152791223,8.012787075740578,3.1029485074420986
2000-05-31,21.921671994214513,39.880523447940305,8.153135931580492,1.542778644306146
2000-06-01,21.115665925633802,41.28514328319859,8.980440642483725,0.24477979127341554
2000-06-02,21.44034537371043,40.53987527743923,8.530249269894961,-1.6200766216185953
2000-06-03,23.000099352580563,40.95941718131268,8.031917133356174,-2.6835350895146313
2000-06-04,23.985695419727797,40.04596568074122,7.113078827115658,-2.706971769434576
2000-06-05,24.648170829842513,40.79940850829724,5.553030754194872,-4.108123778326602
2000-06-06,26.270879636631655,41.83147810218921,4.7637778484186475,-6.248380848475751
2000-06-07,26.121460688409634,41.11494820835709,6.164743715566939,-6.057784433520507
2000-06-08,25.451097803498747,40.56843351333089,7.679714854900784,-4.786329513672659
2000-06-09,23.518778776027496,40.37908743365332,5.2874228349814505,-4.428731278918791
2000-06-10,23.762573942959143,39.45461365880267,4.7652747864454446,-1.368056365755189
2000-06-11,24.266138777385763,40.123343206918825,5.565789458925991,-1.3308831426219236
2000-06-12,26.0268463796622,39.30309075788242,6.06085853371496,0.575128881322388
2000-06-13,25.838901493560204,37.879406995655586,4.603976868071504,-1.1359078288547497
2000-06-14,27.426683218588916,39.57385025384151,4.596876894954974,-1.1664613193020512
2000-06-15,26.55888628234808,40.99500888339308,5.534089606822955,-0.5139546152611798
2000-06-16,26.48002728686505,40.872719765348464,6.650376081006915,0.2609395365252085
2000-06-17,25.748512204899736,41.94141343623323,7.537052513570892,-0.060788629943796246
2000-06-18,28.065963944311143,41.09879846615656,7.683312086728073,1.3642388117555235
2000-06-19,29.403482270673383,39.918455464587744,7.783817407702404,0.786429262498592
2000-06-20,27.02391684317969,41.19709381818377,7.545241472983684,-0.035439710079111175
2000-06-21,28.03327466891335,40.21311400656964,8.519138130458606,0.6389773425867645
2000-06-22,28.598094006225963,38.23696401781252,9.190752529776267,-1.5065762915656
2000-06-23,27.513880476457505,38.92279012679403,10.130680090870941,-1.5973052865915662
2000-06-24,27.054514285629903,40.18489548184695,9.780704373041415,-1.8730039256977409
2000-06-25,27.430193729068353,41.55824605390609,8.676718352184617,-1.8427100944797636
2000-06-26,28.505113755026283,39.75425953531576,8.391429384152287,-1.2161740337253584
2000-06-27,29.188412929834954,41.31548815094335,6.376849307209595,-0.8045585982342125
2000-06-28,29.95510096262313,41.11882490187548,7.369458304983936,-0.12058795734704242
2000-06-29,30.513630610831587,40.719401065532615,7.118758223168589,-0.9863970848362548
2000-06-30,32.03991171876556,42.18001547025186,6.2944444930175605,1.3075084693316472
2000-07-01,32.13312729678228,42.67348466339419,7.010443182237417,1.8946951537621166
2000-07-02,31.348811978676633,42.773407397023234,7.368292082315435,1.7992752079519578
2000-07-03,30.574974231826037,42.14951582526502,7.639720085134155,1.3079336078844732
2000-07-04,31.49525400096952,42.186322011019605,7.498505998424557,0.3138625045107696
2000-07-05,30.348436390663633,41.580477027527365,7.843722736289513,-0.7930929788937641
2000-07-06,29.861555551860437,42.94785628185217,10.35073276442958,-2.552795668036902
2000-07-07,29.344010000024486,42.43589113858271,9.662722299151547,-4.350069024312249
2000-07-08,29.629606045860445,44.51109680477076,9.520144404813783,-2.9219267610596016
2000-07-09,30.87782419920285,44.444764171605826,10.428679075984164,-3.9118728286992237
2000-07-10,30.175380271218003,44.94969313896965,10.961362908667814,-3.5165690134946783
2000-07-11,31.52153429794754,44.1520146488243,11.313274998415126,-4.168605879587191
2000-07-12,29.86324232922883,44.99278489181299,12.957687983758273,-3.066875200972963
2000-07-13,29.53775377338227,45.45972049377733,11.850224941456021,-3.901527184922287
2000-07-14,29.76287210369837,45.73911816540739,11.546487279596287,-3.2336631670192313
2000-07-15,29.681418866335747,44.65125324412209,9.528756191550567,-3.3773025427934953
2000-07-16,30.527629814330012,43.53835658693762,8.505511868103032,-4.541631583652386
2000-07-17,30.21124518694385,43.56602465840202,8.530668274707132,-5.260372715408882
2000-07-18,30.778816734302563,44.30951078275578,7.886475113583227,-7.152441152303148
2000-07-19,29.18578737735832,45.67188514751808,6.8307936230359125,-7.859140421572542
2000-07-20,28.203424298716996,45.36979819455196,7.652106382306171,-7.835217308084365
2000-07-21,29.515514315655007,46.19228484030213,5.962266273829172,-9.466190324558893
2000-07-22,28.311034310651692,47.115326584819655,7.452972180087975,-10.284568692204429
2000-07-23,29.524266086460734,46.74690139890716,4.790101957539443,-10.383974038282519
2000-07-24,29.05061124316483,45.628172972295914,5.036750804671674,-9.708792707535025
2000-07-25,28.704561020748912,46.75664101567237,6.256546721457253,-10.43366505151022
2000-07-26,30.508694422087125,46.29688869594015,6.144101777788659,-10.225814635607524
2000-07-27,30.258420305405988,46.6580552972908,4.842092939095853,-10.812079789211875
2000-07-28,29.04269994539724,44.68669954939779,4.7598693854394165,-12.789813063462729
2000-07-29,28.254924444277766,44.34537556058229,5.417949623230429,-11.41236087589699
2000-07-30,30.870402502685593,45.30140633863512,6.311924529722291,-11.287682388227543
2000-07-31,27.958204451394305,44.18152998053096,8.329041550705199,-10.499658181088718
2000-08-01,28.692058281885494,46.42726947574836,9.029815929353099,-9.440153700960412
2000-08-02,29.330113076591843,45.719618693277155,7.887448866842015,-7.589172971920778
2000-08-03,27.677327301272104,45.48288955191525,8.604056466997404,-7.249772810818386
2000-08-04,28.082478702856417,44.64073303064388,8.995354124745578,-7.425341918693604
2000-08-05,29.31724717407473,43.44936846462163,11.126132639811852,-8.831289677045927
2000-08-06,30.28045360017741,42.23015506557477,11.554088012240285,-6.931902314420956
2000-08-07,30.752564772704922,43.706794459369,10.752493003066622,-3.0094818268205237
2000-08-08,30.641148652939854,44.001913659121115,10.973508830475131,-4.315298395345812
2000-08-09,31.28890998798066,41.38145386011101,10.89963082861945,-4.943321147820335
2000-08-10,32.393414185625915,41.14314982551982,12.66979419337137,-4.873750119439829
2000-08-11,32.58053884596883,39.95800040674808,12.649860267621772,-4.211855393451201
2000-08-12,32.11675448769471,39.50988602381226,12.906143231953381,-4.568101833507484
2000-08-13,32.312256704078834,38.63227367873556,13.935604383399033,-5.754586753322051
2000-08-14,33.13205738634142,35.59420002068075,14.479459812865068,-7.45294841102192
2000-08-15,32.67280461753713,36.24667967256737,15.576410340649193,-5.481122491142219
2000-08-16,32.541186154931076,36.219085384357655,17.53320469504871,-4.8721482725505165
2000-08-17,32.226956802668184,36.58423916263249,18.964877725564406,-4.454121521624464
2000-08-18,33.391538045853096,36.173872723031785,19.5495328834493,-4.713562901257841
2000-08-19,31.11252460777548,37.82832170707315,21.662449924287337,-5.682852408501819
2000-08-20,30.173272505682775,38.66676076865063,23.085252529642304,-7.902710928896253
2000-08-21,28.654609198783515,38.24341889545508,22.921994366655284,-7.2681058297316685
2000-08-22,28.13761263834726,38.410175053293045,22.85556838706826,-5.678988212779657
2000-08-23,27.117268419070633,37.60460124433325,22.298586420556312,-7.03041331690681
2000-08-24,25.49980525218128,37.19651222608684,23.235027810405953,-7.156336992934303
2000-08-25,25.59338456828921,39.02210269445161,23.847769034973812,-6.008354146381389
2000-08-26,25.747639438361478,38.53526903127683,23.92861406582554,-5.758194061459439
2000-08-27,26.70962544908046,37.93898692680962,22.952956714584328,-4.53025311372088
2000-08-28,27.350844295991315,37.93033801282234,20.801768800644037,-4.5573014210835465
2000-08-29,27.40337652970386,37.947700839086245,21.319961904857795,-3.9423684566420016
2000-08-30,28.410572488359428,39.24642016164509,20.19349103491494,-3.7775440174337582
2000-08-31,29.084616986256073,39.63111414506635,20.57659075889187,-3.049919622547537
2000-09-01,30.13347706835019,37.81680535217083,20.263020502293223,-2.054297773516352
2000-09-02,30.11019765424932,36.927783508618454,20.853448184332414,-1.783012032052845
2000-09-03,29.350034445100682,36.334113776347294,21.447454335815113,-1.025528832556036
2000-09-04,28.214476674167813,36.93117311749494,21.567086418168063,-0.06469737691475763
2000-09-05,28.92998908380709,35.916178225809055,21.677246150289207,-1.7557267998026693
2000-09-06,29.447596702699776,35.26989400344671,22.057730436455227,-1.0979159616350116
2000-09-07,30.776755022392745,34.69284828968462,22.09340925900325,-1.3989210589927776
2000-09-08,30.358369717028253,34.11707165431834,22.90389226859035,-1.1236434752742275
2000-09-09,30.045518768524076,35.47632303517418,22.561897251616838,-0.2274203309417463
2000-09-10,32.26615685635544,35.95957502126863,21.259680395072767,-0.9628203585521866
2000-09-11,33.83286495778227,35.2214138163702,20.517118136057842,-0.8894017128572806
2000-09-12,32.99282205584169,36.316342525991246,20.742622619520404,0.06072603628392992
2000-09-13,32.03993066962661,35.93220915335799,19.989321524400964,-1.0383542184243448
2000-09-14,30.934134880426246,34.64383874645658,19.653117795511466,-1.1948824713385318
2000-09-15,31.518366716197665,34.758835009016586,18.462401774719876,-0.7659295372048632
2000-09-16,30.508246615235223,34.59550895840367,17.405381560212188,0.14839569621975512
2000-09-17,29.290541356582477,33.86524764565865,16.694614859932745,0.43890660436581935
2000-09-18,28.99289500256237,34.28131385097095,16.164774812380045,-1.5554605307155518
2000-09-19,29.616895357792625,34.75278362870747,17.626426509226846,0.9211245347107855
2000-09-20,30.59172406988891,33.55626886495673,18.80722631371826,3.333675241037289
2000-09-21,31.66967285115837,33.04957692492546,19.042430994029463,3.4196314948007007
2000-09-22,33.18216390577249,31.637436020727247,18.1423050125475,4.448879107583832
2000-09-23,32.04094872326173,32.161408820771044,17.229627243723666,5.534267061867158
2000-09-24,32.6147147284,32.792514822897736,19.439447199547182,7.046133405463037
2000-09-25,32.605531508277444,34.06523914353998,19.378225861847618,5.466956265425567
2000-09-26,33.10158723790923,35.16296239615578,18.827231832360635,5.655654060962455
2000-09-27,32.87487987375464,33.657553039899135,19.796368541447137,5.284346448625046
2000-09-28,32.46476467925177,32.90689298358916,20.197365138461585,4.966310459809866
2000-09-29,32.84132872974499,32.461834270367675,18.832477885702467,4.322035826638984
2000-09-30,32.30856470423674,33.6814538725691,19.801311337215676,5.095610077950441
2000-10-01,33.424509890451326,32.89120098625322,22.008750779105064,4.584061995789074
2000-10-02,30.324569404860483,32.45749344775095,22.804553280838,4.354532323067148
2000-10-03,30.06645548064966,30.993455211489312,23.007782431995835,3.3213447214999534
2000-10-04,31.52349586939512,30.35927592969633,23.1765263680946,3.1317818238970436
2000-10-05,32.395047644982235,28.70026621280507,23.826096449662423,5.314693054977358
2000-10-06,32.24420050663079,30.1406540131617,24.10535639545057,5.426656120649115
2000-10-07,32.59009242765316,32.12439617904662,25.601940309549985,4.608000920334171
2000-10-08,32.69480701126788,31.71455450698474,24.24389963893229,5.180168068024505
2000-10-09,32.47261297330288,31.840804313172757,24.57366300926759,4.478392363184911
2000-10-10,33.117713259347795,33.5196809172487,24.150040033902258,3.9146379995307505
2000-10-11,32.22963641426548,32.40798333623514,24.884428911360338,3.595606173853588
2000-10-12,32.9944094438117,32.372500275104855,26.148614537675673,2.641398998916128
2000-10-13,31.51080156223433,31.879714155965566,26.467326843640816,1.9669525811627993
2000-10-14,31.838464637094482,31.419136222245488,25.947502418184957,0.9502584182051659
2000-10-15,31.110188517799333,30.322800429965778,25.233628486667197,0.7907664616619623
2000-10-16,30.419502040348075,30.528829748551647,25.41105308262471,-1.419732107469468
2000-10-17,31.27501286528906,29.962819700215572,25.706330763438956,-1.1343642404547136
2000-10-18,30.858334787952295,29.655016312045095,26.928550610652763,-0.35135640131213497
2000-10-19,30.805686824473423,30.155428467440906,25.97223636782707,-0.6059132078993839
2000-10-20,31.038651047962198,29.38566172088945,25.034526392820347,-0.42371335481848227
2000-10-21,31.112254389370253,28.672888954790206,24.912055934615243,0.2383806876315081
2000-10-22,31.832371007016675,27.20128871759364,26.435270016435823,1.1628502724173184
2000-10-23,32.02168651856408,26.647907678854065,26.80013644080731,0.05552724101275874
2000-10-24,31.1345043924859,26.423105623318747,25.502476958039693,0.29327180415046394
2000-10-25,31.645325899249098,26.917423612719947,25.378247521077206,0.07269828043351517
2000-10-26,30.816849284343476,28.153105798668687,26.24486958502109,-0.7694904043458957
2000-10-27,32.6173891453104,28.394306223050492,25.87772091820119,-2.0608609026957656
2000-10-28,33.775554986352006,26.99433751359297,27.967196975465065,-2.4783500651402255
2000-10-29,35.28806517824445,27.85789627868797,28.49166163991386,-2.4446036987686064
2000-10-30,33.62635769222675,27.478647898946686,29.118370416061843,-4.478185661896323
2000-10-31,34.22406009636604,27.982848354141797,26.97056879042116,-4.442766818377031
2000-11-01,33.64422361617753,27.50533200296176,27.626172186759106,-4.902340027484112
2000-11-02,33.98773754894591,28.204887811663067,27.79474345268516,-5.284944126924091
2000-11-03,34.442440250364356,30.173961893711656,29.078838206349925,-6.719246585861424
2000-11-04,34.79522913615758,32.12632829287728,29.93203104745594,-4.814757134613488
2000-11-05,35.96562009019347,32.62361646154099,28.541600270933824,-5.026269595028632
2000-11-06,35.50694060774019,31.712813425629975,29.56701933722966,-5.108238697675682
2000-11-07,35.23794103444775,30.932589639983522,29.03156986558472,-5.541284590157981
2000-11-08,35.685453930192054,31.594337005321616,29.911146919500247,-4.685760347328034
2000-11-09,36.50191591518346,31.35028281734838,30.617261804183705,-6.326539513605031
2000-11-10,36.034821512161855,33.39357184512997,30.92626119161195,-7.08504349862872
2000-11-11,35.13447268730876,33.333438088436736,29.636076733406803,-5.33886995744098
2000-11-12,34.63982246964425,33.216267515920414,29.57626268262598,-5.195426606445169
2000-11-13,33.19818578176904,32.63409389800311,30.16882493776711,-5.043001537113735
2000-11-14,30.502010971298333,31.723768249694896,32.21958667777265,-6.504416254474073
2000-11-15,28.620607842146313,31.13034118433125,32.304273702674756,-5.993571574787721
2000-11-16,30.207449786534745,33.52356085768502,31.00195003432572,-6.183920981788876
2000-11-17,31.076346074475556,31.726045154511272,30.73113313005598,-6.773701822208938
2000-11-18,31.666526404693077,30.6180503558859,31.60859154922917,-6.751561934140835
2000-11-19,31.41252522984929,29.574381244699584,32.585865304799064,-7.633227074055967
2000-11-20,33.45997756735805,29.91674452510777,33.263088265356615,-7.892639654765862
2000-11-21,34.44364239353078,30.144028883901388,34.817516308764965,-7.953385617041083
2000-11-22,33.549648632312696,28.998475239406016,33.51119145336276,-9.045654034286082
2000-11-23,33.07700932339293,27.81953421825538,35.237682856779074,-8.104449283197667
2000-11-24,33.955940726882915,27.87952211239305,34.15666287626767,-7.579733131354004
2000-11-25,34.234513207394855,28.456340449938633,33.70986798062627,-5.37968396768532
2000-11-26,36.890841330898596,27.199582736270493,33.87933891140266,-6.3532445641969675
2000-11-27,36.85876392552583,27.58937843479162,34.055033618617806,-6.588803732574082
2000-11-28,37.37927553812543,28.18965183285043,34.9849359699998,-7.434991959360654
2000-11-29,36.451357832438134,27.758667001914876,34.41457538812493,-6.900722289838302
2000-11-30,36.39217032245945,28.608777280886546,33.8737534093517,-7.654703921835977
2000-12-01,38.07574722979595,28.892858020894653,34.73632455525326,-6.529289083566405
2000-12-02,37.71637058375063,30.363374516353286,33.68938872366576,-7.141464234709693
2000-12-03,36.80702747534422,30.734845257091983,32.75877889061507,-8.021225425280127
2000-12-04,34.38830995842464,30.28892910650615,33.22603854928056,-10.178391625488613
2000-12-05,33.38709694214932,29.95405369260698,33.941167535293566,-9.970880848603665
2000-12-06,35.07764946861961,28.71841224138191,32.83846982907378,-10.251290301487767
2000-12-07,34.208754371359184,28.343505222088663,31.569272765162818,-9.571570186338628
2000-12-08,35.35338098619756,26.465867209274062,31.543736427623305,-7.351926669839164
2000-12-09,35.669922768229696,27.725206252413418,30.59878187819642,-7.290820505636727
2000-12-10,36.05071787103914,27.611433690997643,29.589068352661034,-7.522624685265363
2000-12-11,35.78284623253193,28.658843229308296,29.519244865634594,-8.963657945198523
2000-12-12,35.94029584280942,29.503230687254366,28.80827491334136,-10.57049435410212
2000-12-13,36.9182948641135,29.152311256636654,28.816049047808516,-10.779665717956554
2000-12-14,35.752249364214435,27.60512883364476,29.62443336558062,-9.71541154883442
2000-12-15,35.92813896220864,26.546602406137424,30.469448087962945,-8.12058383805688
2000-12-16,35.17396606998347,27.494977676694383,29.03456519224738,-8.223526259462863
2000-12-17,33.45891652225449,27.11497497200197,29.79564812947489,-9.046616418086233
2000-12-18,33.54500625052829,26.96415355295465,26.9322591166118,-9.01015505568799
2000-12-19,31.448328268103293,28.023072232646385,26.332558936043696,-8.412709378118539
2000-12-20,31.93201823687432,28.619319214636512,26.898467263247355,-7.979735981256389
2000-12-21,31.383929422717042,28.800572629484563,28.044972692149898,-8.969618946709549
2000-12-22,32.075636682042024,27.90195422980451,28.784181916075372,-9.478676190775928
2000-12-23,32.19375232313425,27.006607466498654,29.904711977464494,-10.088086797924419
2000-12-24,34.017168027702276,25.311096980556183,31.196457446525624,-10.813155866466133
2000-12-25,34.12078536733051,25.902702772285668,30.355992125510028,-11.70741425878394
2000-12-26,35.45164983187896,26.11969259250411,29.869232001614836,-11.765322359830016
2000-12-27,37.53428503307415,25.78867921049041,30.009897135418743,-12.728751115180193
2000-12-28,36.26956342407486,25.929734680212764,30.818324029487556,-13.1780786473584
2000-12-29,36.82118666035215,24.2402438478289,31.920390957760826,-14.095152453188758
2000-12-30,36.44408994040538,24.79954576362041,31.332870369669017,-11.884200565015668
2000-12-31,38.91314607760864,26.415910666181965,31.22904545832377,-10.582204941798926
2001-01-01,38.48587713883565,26.63584555381349,32.13404798993402,-13.916731765700533
2001-01-02,38.654852070300976,27.98552169489136,31.4266009396183,-13.43360391146184
2001-01-03,40.12694211585761,28.43423397497776,32.61465220971963,-13.660501528394697
2001-01-04,39.38578825889156,29.62521103373925,33.903676147648085,-13.135568608557062
2001-01-05,41.05527448046755,29.785280008927977,33.60307719360558,-11.597033173132704
2001-01-06,39.96045214948726,29.666806704445342,35.58200703262858,-11.154147002824509
2001-01-07,42.09976281005398,29.64346291648001,34.1105038756279,-11.426667777960338
2001-01-08,40.936781016347375,31.70772405859126,32.87408075613256,-9.271675696339942
2001-01-09,40.80373551456368,34.82949676004459,32.34713911066975,-9.15063931495265
2001-01-10,40.6553041927408,36.21715104418055,32.85933556798775,-8.516072527495309
2001-01-11,40.8145176777181,36.86467695562769,32.85390114812573,-9.06661745994161
2001-01-12,43.2625282375702,36.37122140779211,33.97260861570811,-9.258816784876988
2001-01-13,43.50748826301183,38.60573440456035,33.81501801851524,-9.816457109686915
2001-01-14,41.56406386603681,39.52120994974221,34.2807419558817,-10.825286696546435
2001-01-15,42.18181591815082,39.67933494368617,35.29395849143414,-11.546817023763994
2001-01-16,43.24949337770347,39.08326101165585,34.928587080315914,-11.583968831313298
2001-01-17,43.829928690195224,38.538076643100936,35.70344441652865,-9.770378490771776
2001-01-18,43.123903551678474,39.10768786755578,35.38180622234509,-8.641925345128314
2001-01-19,45.23732454647995,38.46161159802697,35.28686863262124,-7.727135378725187
2001-01-20,45.03915190297438,39.983037966834786,34.66543799228504,-5.110298838867255
2001-01-21,46.43798982385107,40.44556965741937,34.843382496269655,-6.651513405528183
2001-01-22,46.38296897714212,40.541985300478245,35.25289140570873,-7.401684240840562
2001-01-23,46.50534059998545,39.786575169562674,34.775747154570496,-8.677893702454487
2001-01-24,46.54160439801585,40.19264261085901,35.2181580832096,-8.205601544619304
2001-01-25,45.8894983196111,38.08937505554851,35.06937227710357,-8.14966511109522
2001-01-26,46.347633331920754,38.094006103462554,34.6142694897496,-6.411147811028997
2001-01-27,45.85953065585017,38.248371147046335,32.894865527181636,-5.391558906611984
2001-01-28,46.12007274334024,39.458335501648236,32.22294238869251,-4.8334559977426235
2001-01-29,47.1838438486113,39.74769284731768,32.13372201007208,-4.2569890715949485
2001-01-30,45.70606345316548,39.531418278146695,32.44349428417248,-3.5129089097583814
2001-01-31,45.28286733907161,38.08848304834812,30.647560669230728,-4.170135491776011
2001-02-01,47.63175214748796,38.3741077796486,31.679157749470235,-4.411994906595254
2001-02-02,48.48106065297335,36.322732333523426,31.384065711778497,-3.588339812504908
2001-02-03,49.138176705694384,35.96315164068883,30.236393273665332,-3.0029639764218534
2001-02-04,48.25489960642493,34.47982364767391,29.37811832714872,-3.253924036556124
2001-02-05,48.017789419894015,34.74969918717498,28.920177997579287,-2.811468360508958
2001-02-06,46.65987347248195,32.87797595386111,28.91340541619802,-2.4375781862089307
2001-02-07,47.5347246661491,34.392064044284965,29.71040824635704,-2.534248400309833
2001-02-08,47.389129899324686,35.33780378941499,29.481815597871165,-4.134440974318447
2001-02-09,46.82438226643703,34.54678502518922,29.854203278447912,-4.211828225631982
2001-02-10,48.94603438982562,34.073731476632176,29.79560552421936,-4.5518355569964335
2001-02-11,48.37676670250585,33.751445630492555,31.012900279991438,-6.620236974326217
2001-02-12,48.21224666631945,34.37914858679758,31.014427356411947,-8.497333436160233
2001-02-13,48.81272241249187,34.877802767753764,31.06727050583381,-8.614444538368634
2001-02-14,48.1596258658111,37.11908273882316,30.36832986382668,-7.065848223726746
2001-02-15,47.07477473484504,37.15682987841748,30.955077247084905,-6.675531834148548
2001-02-16,46.58846710492617,36.019993927230885,31.340109517561963,-5.226587785711967
2001-02-17,44.87267047285768,37.16563097992607,30.385725350881277,-3.8283708485193624
2001-02-18,46.863791722010845,36.05924426124582,28.62734115424242,-3.0398678756794397
2001-02-19,46.08472965925033,35.104697784361456,29.061643961723494,-4.359991176341417
2001-02-20,44.9209617741264,37.96134814255635,30.573977568050147,-3.542639766779183
2001-02-21,44.750169492152786,38.43959154455682,30.066804811756082,-4.256507990312718
2001-02-22,44.586761945236695,38.121275581988996,27.941841544736622,-2.6739151890513404
2001-02-23,44.20537709529686,37.78954396526349,27.928976778163108,-2.198133625015402
2001-02-24,43.73752720036679,38.581247887957886,29.356211972315123,-1.9527221949489262
2001-02-25,44.14664190916365,39.223392635834564,30.704016387579657,-0.5951779047105021
2001-02-26,44.69592009361402,38.916561789828805,29.909282705045246,1.2873494702686097
2001-02-27,45.55606317886279,39.871694772390995,29.987013016463653,0.2622401537003851
2001-02-28,46.749035325182604,40.438946596888464,29.776323843235016,-0.27102819182141347
2001-03-01,44.84398035720118,40.390883197694684,31.871705499325266,-0.515098784307306
2001-03-02,45.08809015201896,40.44149949152028,29.83031617492862,-0.5803568199431666
2001-03-03,43.08534814708709,40.51657387074425,30.075712950134225,-2.3041403710624713
2001-03-04,43.61339874688253,40.46758083731213,31.01471205151284,-2.80099836914363
2001-03-05,42.686788773870255,38.158527164452494,32.14608784127141,-2.4938071255304965
2001-03-06,42.27753575730827,37.77253283270262,31.784725036131025,-3.9935924298720797
2001-03-07,40.350182210257096,36.71806436619538,33.65562042372684,-4.582137115900781
2001-03-08,42.20572550172833,36.074267986828985,34.41715726821044,-4.918264736124058
2001-03-09,43.41982010589152,35.57299214323926,34.60213646666368,-4.92874303562973
2001-03-10,42.737273180310694,35.132991547329055,32.49816476419389,-3.980385794012947
2001-03-11,42.485961328395334,35.14455109553594,30.188044305582086,-4.563790653199358
2001-03-12,42.34566704621538,35.40758748623653,30.328914407398138,-3.061743441918148
2001-03-13,41.17722847598339,35.432839828148374,30.098130108021213,-3.0798595037919556
2001-03-14,40.529092360228375,36.03838085836543,29.979591067426806,-1.649323357987518
2001-03-15,39.774989861329324,33.89488762770908,29.534047983197887,-0.8694200602841531
2001-03-16,40.321636212001906,34.15065570284673,29.087026714247422,-2.1105739073189898
2001-03-17,40.29858461037888,34.086776534344054,30.202682287413882,-1.6567278118250104
2001-03-18,40.20904899200228,31.25212325282792,30.130201380522916,-1.6289291923279408
2001-03-19,38.668683698275416,30.884481411898207,29.396957923632296,-1.1995359955315072
2001-03-20,38.00371518001578,29.817787453921138,29.07091535507104,-1.69522871361325
2001-03-21,38.982649200938845,29.743232767626765,29.057593712539365,-2.69914991513806
2001-03-22,39.64181397945037,26.905533671599603,28.44206724905991,-3.0258215528136225
2001-03-23,40.67097409195189,24.990221221423532,29.543730681278102,-4.279458683336103
2001-03-24,40.546383176867806,23.946611207403176,30.24450794550569,-2.0348581740054397
2001-03-25,41.732403960856146,24.449068971207172,29.907980515233092,-0.9109502864955312
2001-03-26,41.51343675974202,22.708599064517394,31.266206007784263,-0.4387779611370509
2001-03-27,42.225051302527106,21.35272303345036,30.63489749676618,-1.256175941411082
2001-03-28,43.221126875363915,21.201708410459073,29.219316304259955,-0.20488605390910397
2001-03-29,44.13442467119824,22.370350289241703,28.06478369871796,-1.0165304669667432
2001-03-30,44.31867539447296,20.528990419028204,28.773940131371845,-0.9450124386511247
2001-03-31,44.28103030047421,19.927754205869427,28.022264093987946,-0.6383282335359208
2001-04-01,44.750226121602935,21.056854187112073,27.042753606756182,0.5815506991640396
2001-04-02,44.00249716274505,21.013011205368354,27.0641334334122,-0.6663789711277313
2001-04-03,45.45713642503025,20.811410237727884,25.366778977877058,-0.15446080542631557
2001-04-04,45.36883234657352,19.730129361200166,23.304372120569422,0.12321528060520104
2001-04-05,43.99544511351736,20.018347531175284,23.280724576988373,-0.06653161704431224
2001-04-06,43.60936048491449,18.352315369629714,22.647457331451577,-0.5547549309464708
2001-04-07,43.46067097198908,17.389586807425026,23.123674385108288,-0.9666924277670491
2001-04-08,41.51083891741829,16.5638948698124,23.68852894095073,-0.9431886385323469
2001-04-09,42.655612950976185,17.014984130946875,23.99297548253646,-1.4049811910532235
2001-04-10,42.642719486280335,18.319156173080632,22.783531809143543,-1.6150451300924584
2001-04-11,42.2154893744655,18.912542974708824,24.320139214876377,0.5588912485073978
2001-04-12,44.76850348615678,18.710467230659454,25.114239077037695,-0.6253008357843546
2001-04-13,44.775494590587,19.630333353270665,25.514245532852726,-1.3103019543566048
2001-04-14,44.72016672823843,19.13700138006175,25.763796530931497,-1.793291751571124
2001-04-15,46.06459397016298,19.907430850782273,24.607154999651193,-0.9785647722281492
2001-04-16,46.272893415149966,21.040707811299665,26.2933946233608,0.8820603110069054
2001-04-17,47.47284410218672,21.009968886971965,26.077816954350233,0.2905718662804334
2001-04-18,48.737286807094655,20.7971680546128,26.442700280061477,0.7162122108428404
2001-04-19,48.52430976770419,19.905651596876307,27.049935737002485,0.16313389409371948
2001-04-20,49.5724598776437,20.775602296508897,28.750149515369294,-1.5114320686787257
2001-04-21,48.765120089785285,20.725345806255635,28.12837958585777,-2.4634063085661433
2001-04-22,48.79714933463026,19.92731715704683,27.44242153483523,-1.3454017799071925
2001-04-23,48.832481462585676,21.19567864232004,27.68070333987573,-0.6015427688631568
2001-04-24,49.93572107743399,21.82309363085117,28.843825399054353,-0.5815688411838605
2001-04-25,51.13704405045444,20.061037672465712,28.335066773239674,-1.5957657488537218
2001-04-26,51.843451084552996,19.716902458639467,28.465537064718767,-1.645747787538969
2001-04-27,52.42511614693741,19.78097474170777,28.958126534778376,-1.5556995905820128
2001-04-28,51.29928845593444,20.102640780995532,29.83989655536292,-4.18164696504793
2001-04-29,50.80275722543426,20.997197484329966,29.74763415659444,-5.361614121773163
2001-04-30,50.05361185058857,22.757367974801706,29.15688590648635,-5.987923341097155
2001-05-01,51.47110101099691,23.240081216703484,29.19552655561969,-6.117435253462903
2001-05-02,50.1852916683988,23.327492252720916,29.036316078379087,-7.45696685856994
2001-05-03,49.09105843034494,23.422035927755466,28.448890840659875,-6.396627197870478
2001-05-04,48.03650134285143,24.628498800405794,27.58158015413207,-5.382046722597185
2001-05-05,48.089164934070624,25.324785777466907,27.35002486578423,-4.721250457662117
2001-05-06,47.771048946253536,25.281069389611737,27.05016311633687,-5.557211828835638
2001-05-07,48.70701616886386,24.9038272626108,26.895725506346665,-6.141264446411612
2001-05-08,48.110070139742845,24.23262438755069,27.61676884228424,-6.749510756028475
2001-05-09,48.805897050412504,24.754518872893065,27.854396778042027,-6.503534030519332
2001-05-10,47.08338480605653,22.284797887061863,30.320252403929967,-6.909877816418251
2001-05-11,47.1340712279483,21.020748574686053,31.013475347986734,-6.90914723776851
2001-05-12,48.56960038758131,19.933547232314098,30.79446414470678,-7.454967351060583
2001-05-13,48.36255210332468,19.86836680664351,28.866781645779216,-9.272542726561202
2001-05-14,48.89352888763126,20.126881647413445,28.603057035123992,-11.273452377593815
2001-05-15,48.84307902791406,21.872821864874727,29.41360394694376,-12.338447932265264
2001-05-16,49.27611283949396,21.415871233598637,30.462266227160107,-11.967174901941734
2001-05-17,48.028465588140094,22.784055676918722,30.287467794152395,-11.395976562363908
2001-05-18,47.732743256018736,22.014858084355502,29.66092342165141,-11.74554128675843
2001-05-19,48.01720678374722,21.004852600156795,29.696796812542665,-13.313104130848732
2001-05-20,47.26797554330118,21.88034723100867,27.8952031416558,-13.503408152982432
2001-05-21,47.843270794258615,21.496009494088756,28.312213807709234,-12.231667105977127
2001-05-22,48.381097270641014,21.832381564083096,29.013295821275,-11.9768620261889
2001-05-23,50.58672318118366,21.579089919250528,28.039219314798654,-13.238982290456239
2001-05-24,52.20824763778707,21.236845659948308,27.122183733097714,-13.470846314563573
2001-05-25,52.01738659770552,19.3877408783804,27.79433301172014,-13.495379434112063
2001-05-26,52.83105529336701,19.345813254078816,28.91140938571906,-13.68851371661564
2001-05-27,52.80483470236891,18.425385922017576,28.825234465732557,-12.64682139021346
2001-05-28,52.77455952959088,18.715110911663192,27.63234985121311,-12.255692108108722
2001-05-29,51.006769191206885,19.223619210782758,28.811963105020368,-13.377975252021567
2001-05-30,50.55972399785017,18.162719730720536,28.059387828356943,-13.16338821566994
2001-05-31,51.41845631187723,17.351192611583855,26.22773879804159,-13.215183711192305
2001-06-01,50.93958467996782,20.535093582088635,26.00117039763275,-11.873849997943957
2001-06-02,52.48172634376588,21.81041359263086,27.30973927648801,-11.367369008349284
2001-06-03,53.24439101824606,21.949923562059812,27.05567723591851,-11.407581554976689
2001-06-04,52.73694299347537,22.200510111425032,26.855021018344015,-10.443604596184478
2001-06-05,53.16513282487957,23.655366313096895,27.31169154310439,-9.242161036957615
2001-06-06,53.10707607113744,22.61089315610382,29.274888819559738,-10.541600284530611
2001-06-07,52.79893834221611,21.52134584120711,26.776841714408533,-10.954046306901514
2001-06-08,52.91112604574762,21.60008018493586,28.04232727341129,-10.01917964891341
2001-06-09,52.57187590027108,20.84831620005882,27.419167528931656,-10.284251199622789
2001-06-10,50.95792762195931,18.996107236423377,27.147071882550797,-10.380775054957143
2001-06-11,51.049174115384695,18.99374175694513,26.701442471610857,-9.608710152080478
2001-06-12,50.22269497264182,20.367425419378556,25.370660384434128,-8.24459993142583
2001-06-13,48.677480130299806,21.584531200956036,25.245911122737184,-9.344952866729388
2001-06-14,48.31500046213762,22.02591894614332,26.118537757667358,-9.16904758033397
2001-06-15,47.96499046896343,20.577992079998644,26.497648076676295,-9.420800084226649
2001-06-16,48.65735780608854,19.932068902637997,25.387743020203608,-10.154559663790694
2001-06-17,47.779167165999134,19.575627188916823,25.267165846524726,-9.160971417892528
2001-06-18,48.78592043457649,19.323611974731143,25.942550662371204,-9.650323428025878
2001-06-19,49.103777234483665,19.23433351001884,25.90572295724221,-8.197216236661706
2001-06-20,49.52933585295141,20.0142688294038,25.77002091989172,-8.132948195423715
2001-06-21,49.271575448980144,19.271532088363593,25.521038530413094,-7.038187804640128
2001-06-22,48.78828852863947,19.623036316269864,25.261317791584233,-8.030819592919777
2001-06-23,50.268363254609426,18.55638890157409,25.227230736823557,-9.233010879931856
2001-06-24,49.49426297208446,19.390016518341252,23.785624509149482,-9.283676253685545
2001-06-25,49.65347464132652,20.93165396148802,23.546645630543825,-10.281350958425827
2001-06-26,48.873497451657926,20.54247318587155,22.929641871484037,-11.188688286927997
2001-06-27,50.79334172410947,20.666878816054002,20.223665894524462,-12.496182520863501
2001-06-28,51.47653843669887,21.522712152248726,22.14995198468611,-14.192411819047601
2001-06-29,50.992714849013616,22.274883506892454,21.1769979424273,-14.50152455523956
2001-06-30,51.329763543461944,21.48362076275209,21.75632770218569,-15.291775330574444
2001-07-01,50.77555420541331,22.29497971805384,20.49789307493597,-16.816013467485767
2001-07-02,49.31248660617655,22.409624864658042,21.13275426047216,-17.93778704552653
2001-07-03,49.021686918972634,24.0512600238391,21.727260310571435,-17.6116922490982
2001-07-04,49.70065964281304,24.869299983707993,20.62503167611656,-19.895123986558332
2001-07-05,50.96467296381629,22.273226462457956,22.116848127884946,-20.378043977134098
2001-07-06,51.27522478062294,20.614166505605358,21.55721837381651,-20.238975459877622
2001-07-07,51.42469842367443,21.9963748107759,21.150764270774527,-19.294630477462725
2001-07-08,51.930508355463985,23.440343819250298,22.19512087380115,-20.471674198470605
2001-07-09,51.21419485796661,24.964671784832483,20.354916877154793,-21.69507159784024
2001-07-10,50.71108853674284,24.050564379972517,18.79454180159735,-21.47381293484458
2001-07-11,51.250878310148565,23.950253376654118,18.165915184692956,-20.210552437019494
2001-07-12,50.08003616563722,21.964002659339027,17.0548850540566,-23.358576371610198
2001-07-13,48.96944316771253,22.2978386481964,15.602830907607567,-24.73182267699888
2001-07-14,48.34468698379469,23.456281107946957,16.88032617250924,-22.79001333547546
2001-07-15,50.92941504196053,23.171695030747877,17.287288032171162,-22.21623196607483
2001-07-16,50.34318979792954,23.88731408861897,16.756684869336656,-20.10603169539216
2001-07-17,49.46795461987118,25.366476819504157,16.897151820949972,-19.665050707105856
2001-07-18,49.588755562588794,25.55928878148206,17.375867212917935,-18.499622555495165
2001-07-19,49.666902653047394,25.41111599181602,16.545633552566695,-17.667413733954312
2001-07-20,50.10668261110369,24.245841624025235,16.39292107806441,-17.08430664579159
2001-07-21,50.970291504741574,24.11532612006312,16.366228818070603,-16.4370235366926
2001-07-22,52.13973264891541,22.686868872453253,16.19149601718574,-15.655407915263547
2001-07-23,52.83026042669297,21.465382879756064,17.893795263419882,-16.813050975617124
2001-07-24,53.15955828658082,21.889548641683028,17.390272655671332,-14.47000004386984
2001-07-25,51.34667281277043,21.698048598915296,18.83050892290647,-15.385439580193891
2001-07-26,50.65742513706677,20.853533585555514,18.810078154327776,-13.975443826494951
2001-07-27,50.49225827204797,20.607630221644904,17.995695501466194,-13.156533892733764
2001-07-28,50.03992277014655,19.83565038183609,18.96607868195311,-13.853221343018273
2001-07-29,48.720669468341114,19.8705221639332,19.19068803494781,-13.099798837255236
2001-07-30,49.47204754406548,19.538717794270482,18.692460632276724,-12.160961921372365
2001-07-31,50.01742983477185,18.231466805660126,17.350008579218066,-11.485877357539435
2001-08-01,48.961268534144466,17.757062831634393,16.650518696688483,-13.287152893791024
2001-08-02,49.912000491173934,17.086740242270785,18.40926567085102,-12.307260589674677
2001-08-03,52.262288183359644,16.82509871212927,19.96799335871401,-11.788873631456317
2001-08-04,52.21994124063655,16.85453562816587,19.34027754396681,-12.392671228444406
2001-08-05,52.841206814995076,17.551331277363737,20.099088460229115,-12.33984276026444
2001-08-06,52.02833187998741,17.54723088077885,17.71331842117328,-12.817633225390018
2001-08-07,51.60354509334364,16.487505937872836,17.14034539909897,-12.70028409041663
2001-08-08,52.24763517725709,15.717585806958766,16.93616849011542,-14.508467235246387
2001-08-09,51.22587123251489,14.612970074064783,17.193086915276997,-15.193813557189928
2001-08-10,51.40375758480105,14.074154889446321,17.171136600491657,-14.86042818458359
2001-08-11,51.875694064758434,13.274790014564568,16.957206026613846,-15.04594538844896
2001-08-12,51.65677101856666,14.197719483766628,17.149785076853128,-15.809414722902108
2001-08-13,52.91229228048062,13.124392632550027,15.799983372634077,-14.747876015342218
2001-08-14,52.49638644897771,13.664138662600072,15.124428282782143,-14.314822628111148
2001-08-15,52.17210582826052,14.833916043478817,15.668279491582478,-14.778342406593957
2001-08-16,53.360952964618676,14.650973146804054,15.260279983831845,-13.382774465902775
2001-08-17,53.6549666654221,15.514897530066348,14.032647667821735,-13.095275610531939
2001-08-18,52.076531809646625,14.594775760062035,12.298723305647586,-12.516855207671307
2001-08-19,53.069926069250045,15.242632954391068,13.616668511816844,-13.145881537052526
2001-08-20,53.39899068191421,16.828764296113615,13.848896184869096,-13.770099663694127
2001-08-21,53.95705437144091,15.799659064596721,14.080937555643242,-13.653524428462761
2001-08-22,54.30766685681838,15.1227758527301,12.591613725387681,-12.443251549772002
2001-08-23,54.11042202059315,14.908897632532138,13.361567543934576,-12.863393268348
2001-08-24,53.820873026628696,16.316236803996954,12.411993380716634,-12.278637936583012
2001-08-25,53.209872278515284,17.010588904125726,12.429455412081934,-11.84559869104726
2001-08-26,52.76810462142075,16.26216203537714,12.03458817082695,-12.015669703786372
2001-08-27,54.02446772083941,18.2560649024656,11.031075555541207,-12.53777286457716
2001-08-28,55.19427415294277,17.5999073988056,11.18028406856569,-14.74024119401776
2001-08-29,56.32634925036632,16.986405246328477,11.23611941158762,-15.740031720919653
2001-08-30,55.5381510151317,18.435616308613177,10.792383101083976,-15.383630681201003
2001-08-31,55.116373374563054,18.702621580065856,9.824871194040213,-17.30058370508228
2001-09-01,54.37934846098575,18.808637732483692,9.004964729344689,-17.049216064660182
2001-09-02,54.66994377448886,16.662260507679495,9.533982592540976,-16.42674010488662
2001-09-03,52.93955268595294,16.62278250349478,9.833960750493102,-18.313982455749155
2001-09-04,54.277099672640865,16.002518403206906,9.958676205053987,-18.272066341804905
2001-09-05,54.454136370022105,15.490696809438552,9.030093232639187,-17.795723174818768
2001-09-06,56.18705384463632,15.912918346882819,8.961959996512945,-16.854319941208324
2001-09-07,56.20969454863007,15.532404922859692,8.70128401187819,-16.547702822832147
2001-09-08,56.318360120367934,15.987164530902438,8.064502608782663,-16.829785283654356
2001-09-09,56.42413468550909,16.413938972923404,8.237481218876498,-14.916928405134886
2001-09-10,56.26653422274309,17.965706548976485,9.872501781438755,-15.804770852004197
2001-09-11,56.97302596344691,19.15871500352961,8.672806137735337,-15.346758755549619
2001-09-12,56.723989494985055,19.186884887664597,9.417351045997851,-16.049765843872652
2001-09-13,56.540395068194506,18.583432537797414,8.623333186261226,-15.460507262722352
2001-09-14,55.49652286389013,18.552889272855808,8.443329301350833,-14.766824533380692
2001-09-15,54.60787466833649,18.186295284581778,9.576765740058965,-15.53923367133119
2001-09-16,54.568428245511065,19.07640436324808,10.904414941687092,-15.249940469208848
2001-09-17,54.4394633111597,20.774882005779006,11.317952980763197,-14.272545522779138
2001-09-18,57.25589935417392,19.089370335782,10.952971074058055,-12.400990801340136
2001-09-19,54.98572471583031,20.707513695529926,10.301959316051322,-13.095651683093967
2001-09-20,54.585305171716456,20.3182624939746,9.857176195762012,-10.457042772288965
2001-09-21,53.9712791192571,19.905441841920265,9.909056427459479,-11.265858189564055
2001-09-22,54.80493668827823,19.482265680304476,11.440780110774885,-11.394580391191191
2001-09-23,55.76487440108937,20.93588699049839,10.933478081557388,-10.428738303754068
2001-09-24,55.76552853536935,20.66625386095377,10.369830814066086,-9.879062331657465
2001-09-25,55.46255656678925,21.11750782047631,11.042434721975555,-8.301158731402268
2001-09-26,55.613107559059344,21.079822348862773,12.060992145655721,-9.334800505092693
2001-09-27,54.932642820615136,20.371027265115792,12.663180575245487,-10.0476086385481
2001-09-28,54.524124621131264,20.457533274196777,11.55648751596736,-11.002001463707611
2001-09-29,54.33858437805879,19.555709153403438,11.407309230430315,-10.485811761567174
2001-09-30,54.2377520360911,19.4807150971564,11.411365806673016,-10.04662811181588
2001-10-01,54.772595080887264,19.91142097420874,9.96154031409035,-10.522754668635681
2001-10-02,55.52657156620551,18.528459712589466,10.59144428375206,-11.936472904442958
2001-10-03,56.358232641091085,18.573744542602128,9.89559064791317,-12.02815819612487
2001-10-04,56.3413768049174,18.21305073162279,10.136358866973387,-11.737686176325095
2001-10-05,57.23808301780623,19.029614141359897,9.652396897825595,-11.89402401373073
2001-10-06,57.94722028105465,19.864996179934543,9.276088581286238,-11.561101731953418
2001-10-07,56.99945932291956,20.015662921324978,11.242573828437637,-10.35472294149881
2001-10-08,56.292210116571745,18.760562583558887,11.73317692348413,-9.406968418036504
2001-10-09,55.878933195112246,18.510468318526396,12.584493959293953,-8.77706269738118
2001-10-10,54.31758622419588,18.021937886064382,12.526113455956816,-10.294420436791292
2001-10-11,54.75115934739602,18.135367818397377,12.372223861163352,-10.703008484626952
2001-10-12,54.72912345746681,20.29433029298481,13.260831094308829,-10.018905387745175
2001-10-13,55.74273909606882,21.369361951994698,13.191469896194697,-9.32891570516211
2001-10-14,54.3096872628122,21.03149168800211,12.881170214234677,-9.666964797030923
2001-10-15,53.74635771639172,20.339738670003605,12.1416473781078,-9.010212298268998
2001-10-16,53.69085485934158,19.109812225895244,13.272200032629915,-9.212056613602696
2001-10-17,52.55573341874153,20.15440442161715,12.217474824447434,-10.439845328573671
2001-10-18,52.234856788400435,20.601256278611405,9.811881252762003,-11.4074512737189
2001-10-19,49.90377655853812,20.569659703425607,10.015344182918652,-12.171391404472299
2001-10-20,49.340263235892394,21.293959443095588,11.350503272371967,-12.894783539874398
2001-10-21,49.46915917382534,20.929705610372245,10.432338084085373,-13.293984109406429
2001-10-22,49.06098985524685,22.908880872721195,10.227446648165904,-13.805031192843536
2001-10-23,48.221913174948604,23.56889698766586,9.351983319335666,-14.944379957174053
2001-10-24,48.67196437203372,22.932064556757535,9.063028699520842,-14.564563637077617
2001-10-25,47.33883982845888,22.593663861426315,8.86759946876526,-12.574920589296903
2001-10-26,48.38809353559637,23.73865082999485,9.960123432822636,-13.862885157241646
2001-10-27,49.711390533697625,24.524723043635195,8.625698068049157,-13.924630701524444
2001-10-28,50.05103624728488,25.2928407891364,10.1926280567794,-15.615591015212342
2001-10-29,50.858979757869406,25.373887833312967,10.380510906620367,-16.147671949349654
2001-10-30,50.48341853607695,27.619681710295268,9.749960828280503,-16.692499856839852
2001-10-31,49.49060972870197,27.966569088828393,10.002618487698532,-17.401337933556782
2001-11-01,49.75962653792229,27.454682300295257,9.9657673572868,-17.355500897526404
2001-11-02,50.11079555319186,27.165844846333894,9.76832984049362,-16.59815912924692
2001-11-03,49.40680121647835,25.23441172203151,9.935508813984988,-17.277400279298703
2001-11-04,49.86768423353022,24.595447617612034,11.31104804253291,-18.079097248550696
2001-11-05,50.79433837734595,25.98035342244348,9.451626425989069,-17.04887076132944
2001-11-06,51.474967335432225,26.385631702376276,11.192229870697028,-19.070677511242053
2001-11-07,51.253552985907156,26.112395921596004,11.831515135911253,-19.064139205192
2001-11-08,49.3559906699739,25.87058289641569,11.947487956881037,-18.746234023890995
2001-11-09,48.4865077998194,26.120543156692545,10.707961706079942,-18.315747486655376
2001-11-10,48.165063894028016,24.909395055274697,12.550168898706072,-18.144185703171267
2001-11-11,49.61553297452772,26.849829317588195,12.857920405591024,-17.732161609854234
2001-11-12,48.922675861317664,26.374212973159274,11.681545357120545,-18.294994825527993
2001-11-13,48.55612932361237,25.181643518205583,11.00442058554619,-16.34305621515575
2001-11-14,49.22805268221983,24.629440354065657,12.101917978809738,-14.245567821001423
2001-11-15,48.84856126961757,24.91963018009325,14.341339187688574,-13.571945052371637
2001-11-16,49.975373409314194,25.991618165406102,15.285474052637948,-15.382806496144026
2001-11-17,49.47270746508441,27.932500256460774,14.00511742978732,-17.05738580153473
2001-11-18,48.57692972270706,29.6094899431297,14.048415776174563,-16.365969242809268
2001-11-19,48.183825172656,31.025011210368827,12.397452132383954,-17.34124939926651
2001-11-20,48.83188274200521,31.566331395499773,12.771493527770827,-16.657765282544755
2001-11-21,48.014762192773006,32.02748622852131,11.228551365717102,-16.103260066680292
2001-11-22,48.59562426833322,32.994495909368126,9.676945518364029,-16.671668500391167
2001-11-23,48.20332837857766,32.320909013880396,10.756804979238423,-16.385610096971096
2001-11-24,49.64309302655032,31.68824514846877,10.795334514508317,-16.82910806887546
2001-11-25,50.74114350203685,31.729623732735057,12.09013431587593,-16.959866529752915
2001-11-26,50.836497018331606,32.19469187761955,14.13241237560369,-16.8434189839859
2001-11-27,49.8814916923853,31.169691642481265,13.07433455642426,-16.625976139129236
2001-11-28,48.30478981259375,31.201287190974586,14.324072413514939,-14.513243008251598
2001-11-29,49.7432034745821,31.470008769335486,14.465802475909236,-13.38327461007484
2001-11-30,47.04870955959471,29.30251974137146,14.66109825626539,-13.765777603566715
2001-12-01,47.70513375473927,28.71799244968526,15.02470183305099,-14.628543637760972
2001-12-02,48.90433291724759,29.378789416644047,14.653423561641347,-13.87814454403377
2001-12-03,49.51547675675622,29.68822947504953,11.48555639187705,-14.279188809859447
2001-12-04,50.343622112637554,30.517338112364392,11.955423889894773,-14.548670149303723
2001-12-05,51.29431601858907,29.75058838293224,11.721591921639694,-14.179349112006003
2001-12-06,49.91472265472872,28.63677383070262,12.670029983687948,-16.509871728936524
2001-12-07,49.737392649738304,27.11022283092734,12.98619159762189,-17.622128598731454
2001-12-08,48.144553876357435,29.340409237099102,13.960747813686233,-16.733348084886448
2001-12-09,48.40157026430793,29.49826657908468,13.783876726910368,-17.31767415525068
2001-12-10,48.84315876948108,28.822534836960564,13.825131435926027,-16.275943959731986
2001-12-11,48.07258800764353,27.334377138573622,13.643030620884137,-16.678555292126394
2001-12-12,48.00773852560202,28.90210858408095,13.304944212382093,-16.806311640072575
2001-12-13,46.87872868490702,29.29685549847197,13.702611382334009,-16.637204583612746
2001-12-14,45.6177374049083,29.376566162968437,13.37497939286067,-16.751337115800997
2001-12-15,46.67002127971375,30.22784250471415,13.882935868333275,-17.738748150121207
2001-12-16,47.03469334429149,29.934610653417643,14.288329610241878,-18.825311361064266
2001-12-17,47.88968061959514,30.861526631505075,14.538739752552269,-18.56155418434091
2001-12-18,46.861856336909966,32.5128189539171,14.506414676360038,-18.53723876628488
2001-12-19,46.547149798891766,32.71375888324484,14.383916885726157,-17.821987860267306
2001-12-20,47.83075165853041,33.742430673851715,13.727373816594923,-17.176953034229882
2001-12-21,48.39422442096625,33.53970782802132,14.703420095232984,-16.056898308002197
2001-12-22,48.31955989023192,33.74411520082428,14.078382684665016,-16.19639523132689
2001-12-23,49.10214367765704,33.44222245163563,13.467714265301758,-15.401369488674906
2001-12-24,50.018998380749224,34.19525708060614,12.826808573513656,-15.099893737412513
2001-12-25,51.93748593507785,34.326288845961834,12.527315112281467,-15.587694906844186
2001-12-26,52.174098152817116,33.508120359963364,10.895548649463194,-14.700035449819783
2001-12-27,52.981977515185775,33.88890722574256,13.16193093547617,-13.946552572835673
2001-12-28,53.793317947130326,34.870084214030555,13.38794043564308,-13.89361625952465
2001-12-29,54.54517283034435,36.884257895564595,15.009572206572448,-12.683172717792306
2001-12-30,54.506956842924644,37.729184188022685,14.414658421553831,-14.266755223385738
2001-12-31,55.123484455066,35.82151404907234,14.512313519464996,-14.161078974865745
2002-01-01,55.33420923692095,35.155043009979195,14.928335704377828,-15.452761159532868
2002-01-02,55.053745255111515,35.07735259872142,16.676172085889593,-14.643459831215964
2002-01-03,55.86390063828638,33.47415953346996,18.929328268533208,-15.360938603895193
2002-01-04,54.08148276277975,34.09394163029527,20.153658928994357,-16.369616059839107
2002-01-05,55.46252067279298,34.152760162017955,21.505992289736003,-15.579064236178338
2002-01-06,55.81426440654553,34.46016153477742,21.22019566033193,-15.989004220076534
2002-01-07,56.57808929065234,34.87884146721307,20.35496032982508,-16.009351011158987
2002-01-08,57.17074005277248,35.89440673074214,22.63321885757841,-16.176629528411603
2002-01-09,56.44623548123666,35.21935551329175,23.746253099122633,-16.744695791493285
2002-01-10,56.926682313224525,34.01152867918838,23.83786953621545,-16.10517906084992
2002-01-11,56.434083775855456,33.61965084577271,23.932111340408344,-13.439057657744497
2002-01-12,56.084189929353485,33.627167733727156,22.921336168033132,-11.85461550718385
2002-01-13,56.461018453520296,34.07022284878881,23.225874164122754,-12.37344751177287
2002-01-14,57.36042274213908,32.92094464820406,22.488258213395284,-11.332415639747545
2002-01-15,57.44580262526802,31.134641735996947,23.231706411342238,-9.860488190356214
2002-01-16,57.19591988461287,32.496900711151795,23.350118739669732,-10.275138362375756
2002-01-17,57.97615948610561,31.020493173731555,22.82635131919567,-10.73662879907069
2002-01-18,57.987045608687694,32.42096594207238,23.06680752494487,-9.450323855335565
2002-01-19,57.95744303493617,32.80852579360817,22.88320367088236,-8.284903429376616
2002-01-20,57.68704026494005,34.377378452955874,23.398342734882043,-10.006127774654487
2002-01-21,56.86878107645612,34.06797303972997,23.258713223471194,-9.548547312866592
2002-01-22,57.73462923469709,35.119161424799934,23.089080409172027,-10.773982616746597
2002-01-23,57.52018946491358,36.34687734137304,24.482027496301455,-12.60565096759242
2002-01-24,58.073305512900006,36.37073431501245,23.753607837385395,-12.886400614961246
2002-01-25,56.991730346515936,37.1141515113311,23.611212551295353,-13.031145635599739
2002-01-26,58.07221273440353,38.079170278857234,23.467074778139125,-14.869155522211734
2002-01-27,58.7308490813944,36.98147611253021,25.07630024073393,-15.37590534043378
2002-01-28,57.07583455189036,37.55918242953957,24.57810840743966,-15.520272861160857
2002-01-29,56.61779879524041,36.84078320837296,23.223591147699036,-16.039486053652414
2002-01-30,56.167612936778774,37.8345002510573,23.240893341976484,-16.368031912513985
2002-01-31,55.79333610607789,38.13551769273116,22.566167468916976,-15.39400261275774
2002-02-01,55.21688305634615,38.84219605607561,23.1469893602586,-16.971441681074076
2002-02-02,55.820912423818754,39.65612393367069,22.389888909549757,-17.060716933467866
2002-02-03,55.52878626823775,38.90486542679061,21.964011523586326,-16.4912805054965
2002-02-04,55.58342592078044,39.607806472105224,22.212253934023398,-16.496520911150693
2002-02-05,57.17813925676885,41.318830304866864,21.715860597110854,-16.166785048878307
2002-02-06,58.20502856309248,43.335763915989475,19.45301056062398,-15.952534556663714
2002-02-07,57.03695921766939,43.465503771961735,19.746578665084108,-14.560306124424386
2002-02-08,56.287738277616235,42.274373663273124,19.856820601367072,-13.751013685551305
2002-02-09,56.8046358333951,42.229858334523236,19.872389719895775,-13.280171221257293
2002-02-10,53.96220543764082,42.47280158075405,19.852731818646827,-12.33670750840904
2002-02-11,54.20478134250559,42.92333463448569,17.233518486816386,-12.748498022405887
2002-02-12,55.39025424918576,44.85453010740142,16.660326345938707,-12.241607842337075
2002-02-13,55.11739859641082,44.87139188988708,17.4314324430373,-12.263628102079798
2002-02-14,57.605123301607904,44.50607915150411,16.66030827862232,-12.962595527259932
2002-02-15,56.877759030149754,44.97226439374235,16.865560861047378,-12.389323168263505
2002-02-16,58.28448624775412,46.53284428973215,16.909035352790916,-13.330123025795594
2002-02-17,57.053121763294634,46.673100264146406,17.198713239666446,-12.156999320290257
2002-02-18,57.72986037497764,46.349916778121745,15.690856094647282,-11.194383748748736
2002-02-19,58.15284795537096,46.94090424043309,16.681211280406476,-11.141660746447528
2002-02-20,57.53514286930395,47.80716367801774,17.06717374039763,-9.821790328535098
2002-02-21,58.11054360536954,48.05416446618164,18.282195761948344,-9.514425987312036
2002-02-22,57.15936623890588,49.58009785509874,19.633157379843244,-8.762939615541026
2002-02-23,59.13425236331061,48.92034474730548,21.30238639116285,-9.750888016160685
2002-02-24,59.43772917723659,48.372050691438716,18.92527336961855,-9.814382625994915
2002-02-25,59.19246197825624,48.5404421705992,17.58428873601291,-10.346207641985814
2002-02-26,58.51922068940599,49.33111951772284,18.86189196057679,-10.053684372374564
2002-02-27,58.35586509144916,50.304228529496434,18.10547308784198,-9.425385507169663
2002-02-28,57.35848495506644,51.30893492105479,17.736299517343827,-10.100308325945525
2002-03-01,57.20910123273511,53.177076853180225,18.574786685892047,-10.241541064325583
2002-03-02,58.44908372742265,52.38369436159351,18.526233053220032,-10.271378068496798
2002-03-03,59.23842910961549,54.09865800178372,17.695515177020464,-10.467411247212187
2002-03-04,59.863444980232394,56.027078897605584,17.626325091503407,-12.143300833716488
2002-03-05,58.75228887005845,55.50161999061525,18.618867591191737,-12.189141984764854
2002-03-06,57.214145839638995,56.95624795727323,18.764820281077476,-11.74375963275081
2002-03-07,57.222162439065116,54.62802493941993,17.688324119980976,-10.33309217238088
2002-03-08,58.13238747742508,53.3601751971059,15.759546797925028,-10.088407435433789
2002-03-09,58.24212089590458,53.37582037461695,16.936254761561575,-9.805241494754767
2002-03-10,59.22223445848498,52.2677133809269,18.72383106971294,-9.189311455802494
2002-03-11,58.668072719168286,52.97943517573839,18.823356726268397,-9.139452818194417
2002-03-12,60.26556729022664,53.26933968683897,18.916067237926814,-8.582088271117247
2002-03-13,58.77187904480282,53.50078051205355,19.680161132745138,-10.520583027018134
2002-03-14,60.19806476033628,52.58103335651092,18.122222841049027,-12.005441417633865
2002-03-15,60.83934024604563,53.300182488342955,19.31150615865622,-11.837629172427585
2002-03-16,60.345479129951656,55.21706936945146,19.319132754841917,-12.990060269952195
2002-03-17,60.03824711202404,54.669842924428394,20.330530128981525,-13.243367256664794
2002-03-18,58.32829115329783,55.968051408568606,19.545184058965546,-13.380578193011438
2002-03-19,58.30811294859844,54.93468106645353,20.30452828898116,-13.509759402359945
2002-03-20,59.36838639028418,56.51576007872782,19.53226850672206,-12.497279808894527
2002-03-21,59.79976881269744,57.07630331624717,18.994243046229908,-13.296388744829304
2002-03-22,59.78242303593547,56.81642488507246,19.28773031543148,-13.630502550609874
2002-03-23,60.1431474162659,58.15914683888318,19.70335194303355,-11.582519127282472
2002-03-24,59.97156216109658,58.40141945851072,18.856540749106152,-11.971590400553339
2002-03-25,61.44077911537963,59.763927878107864,20.905555763849822,-12.251573730387715
2002-03-26,61.88891738401137,59.286810163687434,22.60309360826169,-13.448266487776152
2002-03-27,61.995021281358476,59.70423603248409,21.920279778031354,-13.589396942217586
2002-03-28,61.99632594839769,59.13388271703293,20.64958658655826,-13.434580432325292
2002-03-29,62.75904749915723,59.272982984059915,20.609311895044648,-13.317813558191562
2002-03-30,61.30857914491129,57.83820681313365,19.94087325322832,-13.095738505447827
2002-03-31,60.9227988798366,59.02880221540269,20.96814879039658,-12.061063579625612
2002-04-01,61.998523213487104,60.130826793988206,19.71312135054903,-11.878791401468517
2002-04-02,60.14432785613137,58.12936300510027,21.08095030105202,-11.734316726130675
2002-04-03,60.35930831107942,58.945383134934076,20.890022237740848,-12.857801796718423
2002-04-04,60.405952182098126,59.49641867224115,19.096131787414865,-12.828519676491974
2002-04-05,62.66944589353691,58.782017269214016,19.437805411041,-12.779890166298765
2002-04-06,62.904029911551184,57.40832389380643,18.374428378421673,-13.57522197268372
2002-04-07,65.36499831054181,56.99213518750345,16.77289358766473,-12.714336280185986
2002-04-08,65.27316885624221,55.43390104447884,18.104524844674128,-12.260585152860084
2002-04-09,66.25481002022735,56.6531899123471,18.015682025929035,-12.714970529022743
2002-04-10,66.2518185760363,57.07107410895057,19.891105052192973,-12.541054069185211
2002-04-11,65.39078567884063,57.55281928058454,19.49885080084976,-12.144607440660721
2002-04-12,62.89350388205486,57.007258308815565,17.899238423437662,-12.579638300731697
2002-04-13,63.42845029639686,57.71862311726283,18.537402982574672,-13.119347592098244
2002-04-14,62.68835798608391,59.10332987986557,19.967002446198236,-13.32642003558291
2002-04-15,62.30067163479729,61.12862685958147,19.0925047731502,-13.31922258689187
2002-04-16,61.881511944046366,61.741638770559405,19.1951585979657,-12.980681080958036
2002-04-17,61.990951350782176,60.477772340647924,18.703024198161046,-12.41967062600608
2002-04-18,62.179699412525736,58.759387929376864,18.527644922527408,-11.286054981134539
2002-04-19,62.25202785833127,59.03557640221919,18.946196878587983,-9.459065818048227
2002-04-20,62.79617810748491,59.04431090989611,18.410434264170743,-10.455263523644378
2002-04-21,60.95528266688861,59.10765330116286,17.621284228885337,-11.750703442596219
2002-04-22,62.03879463068597,58.64134576529897,16.88240669881133,-10.852100108350033
2002-04-23,62.286259332234614,58.75676676808034,17.71884516501018,-9.059415433476413
2002-04-24,62.76777213938033,58.00713758680324,16.893510784208818,-7.349400588620462
2002-04-25,61.52651517001669,58.59467378239501,15.705087026233613,-8.095556363625475
2002-04-26,60.910097974269746,59.99485215555088,16.118291260161485,-8.113673719638163
2002-04-27,60.66111724869089,58.92814550729265,16.139120989573282,-7.345734790480961
2002-04-28,61.68823934222055,58.703208082390525,14.698309190599051,-7.6450388019553435
2002-04-29,59.540162843712764,59.276401319223254,14.234979856155688,-7.972072196185959
2002-04-30,59.73554833967661,58.75099938891001,15.213662621701971,-8.698773427122694
2002-05-01,58.723705842586256,58.22491054476285,15.446786111619588,-9.29306674988446
2002-05-02,59.30891437082809,56.55583506341447,15.808448239631783,-9.623412744173969
2002-05-03,57.915871336849385,55.38629135257906,15.28031881702776,-9.277252793015244
2002-05-04,58.07705809520291,53.80248789243527,14.70847158982428,-9.62615251873759
2002-05-05,59.36512088506913,53.80654925790183,12.443613268825603,-10.907955048746123
2002-05-06,58.13340080767392,53.015578076171494,12.150122195640693,-10.613618240581319
2002-05-07,56.282042304288055,51.92136893723462,10.14303016242489,-10.893599077004845
2002-05-08,56.31200898276328,51.99457234330375,12.175022893547823,-12.660741772235006
2002-05-09,57.52881500077526,51.8933841487635,13.436087890287304,-12.534911583725561
2002-05-10,58.48419710964005,52.649801750738526,14.254053787780174,-14.504973553494587
2002-05-11,59.305171225401274,51.98826508997815,13.794770947188818,-13.476522123520535
2002-05-12,61.407787453655914,51.79539271149929,13.879289053262152,-14.835829974366119
2002-05-13,61.92594876231555,55.15246749534841,14.146927900725252,-13.402623069330183
2002-05-14,59.85185850215654,54.464843540449856,13.15331080324076,-12.463945629204417
2002-05-15,60.24979258966892,54.91181859914622,12.956562062971384,-11.532869549586353
2002-05-16,58.645097691554604,56.026765436381446,13.44058668431541,-11.13408251075386
2002-05-17,60.69126872733943,53.861776602928416,13.885977072261394,-11.19559478495404
2002-05-18,59.09114154429969,52.51375090165126,13.56686456813201,-12.2775779089678
2002-05-19,58.40164964779421,52.32017574090393,13.515247355024472,-11.64514220928345
2002-05-20,59.13769934724145,54.8414180138762,14.904120922576537,-11.435921240620214
2002-05-21,59.8956282213406,55.40856229099978,14.09736263955184,-10.92306610445466
2002-05-22,61.76558488421339,54.54559479368967,14.857999218637914,-10.257418701296956
2002-05-23,61.501383045541246,54.501706468747145,16.71601921897179,-11.238213127887427
2002-05-24,61.88527256152744,54.052034409870025,16.804784729113223,-9.55604638616329
2002-05-25,62.476084652351474,52.59999680849021,16.07567320470079,-9.30082061953798
2002-05-26,62.374206618781386,53.55732375427901,16.68885965838162,-9.656776427417464
2002-05-27,61.578375282856356,53.847615007755856,17.291043440780278,-7.429379689980085
2002-05-28,60.6600012661134,50.524741170426346,16.527338328263077,-7.649012561573427
2002-05-29,60.12099918497574,51.10755304746318,16.51464847000898,-10.739352828136106
2002-05-30,60.72641525918969,52.32876090811736,15.00673018744395,-9.884300951836524
2002-05-31,59.683680828976094,53.35717934539751,15.237910788566124,-10.180328843241252
2002-06-01,58.08741483316244,52.39640354019185,14.241253256976695,-9.11641090379605
2002-06-02,59.27402741791428,50.84202884419193,12.515969972200645,-7.275765827295098
2002-06-03,58.8294519912909,51.65942652114752,12.362756247444329,-9.102996143685708
2002-06-04,58.86518211849266,52.03459509854436,10.672350893436928,-9.317191883580861
2002-06-05,57.88395896141833,51.7424049075918,11.074468776480082,-8.576001953947392
2002-06-06,59.312891874637266,50.670553644865684,13.141888347540945,-8.655078078146918
2002-06-07,60.09450254621008,50.698500747366126,13.447249398435554,-10.015068587987956
2002-06-08,57.306439443595536,50.04222014492376,12.277621691951344,-8.29981180213048
2002-06-09,56.55961403284715,49.381472431880134,11.649999027108738,-9.591396080543635
2002-06-10,57.35591420128157,48.185625340425545,11.61345223510514,-9.938603935051535
2002-06-11,56.19698511133154,50.240719760994985,12.599811951548194,-10.236208475658842
2002-06-12,58.350952142319784,50.76514670358445,11.483163483431714,-12.55291918209112
2002-06-13,58.43677167245962,50.470215498479746,11.808016814345047,-11.966245328403538
2002-06-14,59.18628693848506,49.27422055137351,12.409888941788372,-12.441300410904752
2002-06-15,58.04374600861769,49.05935655288618,13.8953815338307,-11.64230146534473
2002-06-16,58.05763311185086,48.401249425269974,14.035133726941128,-13.830604400940533
2002-06-17,58.319807199602955,48.425638831501686,13.880464534180687,-13.569766818063242
2002-06-18,59.89937608661032,49.15953668341888,14.739929573800346,-11.923666804980783
2002-06-19,57.88321417931251,50.63346737932215,13.090180015374509,-12.232945901043758
2002-06-20,57.77347052351066,49.500907776091665,12.173101764074447,-10.396411401311193
2002-06-21,57.544407168289204,50.06177251256858,12.695883839865045,-11.42904130173008
2002-06-22,58.350186613282865,50.616251351671835,11.809700038507518,-10.090490680542405
2002-06-23,57.65801071205263,50.879499805296476,11.693976502459558,-10.16178532895039
2002-06-24,58.665848725664425,50.94625720215309,10.54768074462358,-10.002085642298624
2002-06-25,58.767827189831856,51.297230757295864,10.692003184477974,-11.457216824985839
2002-06-26,57.31534443986882,50.78064135340037,10.161295731165662,-10.3820788498547
2002-06-27,57.673270255756684,51.129057183424756,9.155999742716435,-8.99299395261986
2002-06-28,57.03452341628094,50.65385092155572,8.537809067640769,-8.595693411752627
2002-06-29,57.39138569193981,50.993989849051665,9.257224392461342,-9.594835970131381
2002-06-30,56.399316024585765,50.25103110253097,8.892096591560392,-8.325640008408953
2002-07-01,57.18446806670381,52.87412479332582,9.478272078849646,-9.349587973272659
2002-07-02,57.658379706301425,54.17270636529912,10.662651197577468,-8.18947043729339
2002-07-03,57.55937539459469,52.74586335654163,11.031776896359313,-8.790057438505253
2002-07-04,58.44412472627167,50.831713753764745,10.872833801030902,-8.398580383687042
2002-07-05,57.158897669211235,51.20856598982261,11.233759942808097,-8.421844628797897
2002-07-06,56.30292533278112,51.552141153660926,11.43804915993373,-8.925466282964338
2002-07-07,57.83998986824363,51.64854715245735,12.56425796110262,-9.482804488335791
2002-07-08,58.33331353176796,51.856665171645176,11.994175676001532,-8.470425250175
2002-07-09,57.39200958151685,50.075005622057674,12.899116181495788,-9.725637886469968
2002-07-10,57.98633020225628,49.95743012028877,13.230470606096109,-9.809952948973278
2002-07-11,58.95343931131,51.4487221007895,14.359411638544602,-10.194877172061743
2002-07-12,59.17830402077226,51.40143903931182,15.08290761713709,-10.00091888458643
2002-07-13,58.862143859313534,52.13333039406691,15.357638560944531,-10.393506914674713
2002-07-14,58.24200340657511,51.34712668618475,16.879656747598982,-10.052630816688657
2002-07-15,58.092585943195594,50.588778002797845,18.458323189612205,-11.665697866818803
2002-07-16,57.82954284081591,49.94422232370646,18.569692010595077,-13.024453591372247
2002-07-17,57.80606123556226,49.34936534629917,17.582193937549068,-13.629963658118308
2002-07-18,58.46232926061119,48.44704750345854,17.061251911360188,-14.305043438685049
2002-07-19,58.633105296957275,49.306397906924154,16.366483841315112,-13.131493767807322
2002-07-20,59.456504620431694,49.63749808466091,16.27347639891745,-14.458036188188595
2002-07-21,58.817543199633576,48.59676856538589,16.756102387016245,-15.505499441690636
2002-07-22,58.89443383507575,47.20512822816437,16.421502118933876,-14.763014326309065
2002-07-23,58.92520663323876,45.675398322766135,17.191612644669853,-12.993291249078693
2002-07-24,57.023746327975594,46.747950465525314,16.15045989039867,-11.166659528920833
2002-07-25,56.613990514921085,46.69096684947436,16.789931575919777,-10.660289756709487
2002-07-26,57.2066425148901,45.517639969384305,18.400431637024546,-10.638363831273667
2002-07-27,57.265280922121306,45.35312063813881,16.75716859574585,-9.762194923084579
2002-07-28,56.21839013988409,45.50774076677107,19.232289751971866,-8.683816693088808
2002-07-29,54.5381186476448,46.983760309915574,19.041209436695866,-9.239565670767393
2002-07-30,53.42478347344661,46.489379838956836,17.59601321282781,-9.632801669881461
2002-07-31,53.86077317557046,47.357056923541386,18.207395738924195,-9.049408451617175
2002-08-01,53.13251182529783,47.60015254116638,18.940863645972104,-8.963620797930064
2002-08-02,53.43112494825871,46.90211441269523,19.43325188370534,-8.965410044657663
2002-08-03,52.47710844648495,45.59719531914028,20.02018268012811,-9.582247956558014
2002-08-04,53.39188076631064,44.87435757168152,20.304769540721146,-11.533221297120125
2002-08-05,53.702573318557754,44.56727466745386,22.8776140859902,-12.740826978242941
2002-08-06,54.486834687657435,45.76252399873727,23.620119797987048,-12.308147813219627
2002-08-07,55.50547842812809,44.44977855899514,24.59600648940748,-11.143548994878778
2002-08-08,56.34209920438041,45.01057966960074,23.880539771759203,-11.768348076163512
2002-08-09,56.51469984780615,46.02792408131868,23.220236143969725,-12.09691921532621
2002-08-10,54.38680890041115,45.730012230269715,24.960626531797814,-11.12944697314334
2002-08-11,54.38038492164359,44.72054648616477,25.94164708684106,-11.313642422973935
2002-08-12,55.04927363541633,44.81226392939615,27.657701684043154,-11.760477214925674
2002-08-13,55.28054568215227,44.41324241056634,27.84302427565463,-12.863619387113173
2002-08-14,55.90112245900736,43.18113379208588,28.452945534817932,-14.35487122876066
2002-08-15,57.320082328663325,42.361408311560496,27.530166730803547,-14.009980785436278
2002-08-16,57.216127337629736,40.97326332021259,27.125110064276022,-14.702659944746637
2002-08-17,57.40240618970868,39.36441628891791,27.255611307435203,-15.98745893629548
2002-08-18,57.98001905204609,39.896849441114085,26.67587958607968,-15.769176930807516
2002-08-19,59.37356947330572,39.50850677236045,25.59047921551202,-14.515667269008853
2002-08-20,59.0888838494214,38.84275644055171,26.70857219412973,-14.782017993876387
2002-08-21,60.22852381537937,39.61184487557132,26.81416251110857,-14.875528759407498
2002-08-22,59.07652711328016,38.97876569005769,26.29810620431791,-16.46372278516318
2002-08-23,59.15415882786367,39.21127078741866,27.262002531850328,-15.90715967298218
2002-08-24,58.77172369692613,39.27700515177969,26.735934187813765,-15.975306979303406
2002-08-25,60.78298332550301,38.239085241563174,27.581900239013244,-16.46103813862473
2002-08-26,59.758678227086456,37.724108929520405,26.52896199747009,-16.00840557519794
2002-08-27,59.24981847749084,38.07217820283657,26.085499795798867,-16.736115443418367
2002-08-28,60.465802842375645,38.57494619646433,25.02714143123448,-17.15807131122067
2002-08-29,60.23304217129628,39.117942422753615,23.368635201231697,-17.797136620433747
2002-08-30,61.55501137076934,38.683042949320416,21.633975842654763,-19.06740130437223
2002-08-31,61.421467519053806,38.88502577368262,22.217228763799113,-19.75562445683212
2002-09-01,61.94539264678503,38.1609022833161,20.655190273490103,-19.68288583120516
2002-09-02,61.60121382710462,39.28820372780151,20.632883555709604,-19.612512147273257
2002-09-03,61.030466408441654,37.81693334126678,22.980105140617155,-18.27676997309702
2002-09-04,61.4146776930065,38.023742693765,23.191159333594076,-18.21309023938499
2002-09-05,61.75813808096833,39.7987061170282,22.886631750630364,-17.894249795373323
2002-09-06,61.94739337256714,38.305021552930235,22.45486461300049,-16.694011038180285
2002-09-07,62.24037508529102,39.081938036952856,21.44059961903003,-16.26704575856933
2002-09-08,62.586867536294825,40.37450644555754,22.12310782421778,-15.704347377905302
2002-09-09,63.63917233586754,39.436652470059585,23.393336840281126,-14.693268342003796
2002-09-10,63.46682077194352,39.25604417815577,23.663537025745477,-13.451609429615862
2002-09-11,63.274950135750075,39.09364904419172,23.693111591142582,-13.143604970495582
2002-09-12,62.54582072007051,38.77582441930612,24.62325972077884,-14.748809062918912
2002-09-13,61.660865328051734,37.84493737006695,24.227089658604935,-13.067146677779695
2002-09-14,61.740183652280905,38.200572518591024,23.056609147611994,-13.935739879774767
2002-09-15,61.79121331674037,38.582406736068215,22.74719541705594,-12.796787650174876
2002-09-16,62.29674749474988,37.75291788861946,23.25570477430225,-11.099262034261754
2002-09-17,62.17153778378985,38.497297930857464,23.854706365276318,-12.238542911581511
2002-09-18,61.47918488341841,38.287386469640055,23.92682588304557,-11.859056159492063
2002-09-19,61.25811476265626,37.34177366602482,23.29300042425135,-12.452773040446951
2002-09-20,62.83602144318734,36.71451126693472,22.667215371439024,-11.265282129037098
2002-09-21,63.77410200634442,36.25860507559922,23.57724293821959,-10.629448867431117
2002-09-22,64.2650166013941,36.03005615341265,23.679952575445196,-9.453129005403195
2002-09-23,66.6133294261585,37.65272481789419,23.470777652931208,-9.929671238245952
2002-09-24,65.81127022179226,38.664579209525286,24.602214073798347,-9.662938778769295
2002-09-25,66.60602884000544,40.43105197313755,24.56968017904982,-8.44560643753776
2002-09-26,67.66076626185455,41.0585055826616,22.7085132574483,-9.554999571979721
